,image_name,group_id,group_start_frame_idx,frame_idx,left_most_column,right_most_column,left_most_index,right_most_index
0,content\data\images\10H-20L\image_group_0_frame_212.0.jpg,0,0.0,212.0,906,1231,2,1
1,content\data\images\10H-20L\image_group_0_frame_215.0.jpg,0,0.0,215.0,690,947,0,4
2,content\data\images\10H-20L\image_group_0_frame_216.0.jpg,0,0.0,216.0,906,1227,3,2
3,content\data\images\10H-20L\image_group_0_frame_220.0.jpg,0,0.0,220.0,696,999,1,3
4,content\data\images\10H-20L\image_group_0_frame_221.0.jpg,0,0.0,221.0,906,1231,4,0
0,content\data\images\10H-20L\image_group_1_frame_266.0.jpg,1,230.0,266.0,693,907,0,8
1,content\data\images\10H-20L\image_group_1_frame_267.0.jpg,1,230.0,267.0,702,1017,3,5
2,content\data\images\10H-20L\image_group_1_frame_268.0.jpg,1,230.0,268.0,906,1227,6,1
3,content\data\images\10H-20L\image_group_1_frame_271.0.jpg,1,230.0,271.0,693,907,1,7
4,content\data\images\10H-20L\image_group_1_frame_272.0.jpg,1,230.0,272.0,736,1099,4,4
5,content\data\images\10H-20L\image_group_1_frame_273.0.jpg,1,230.0,273.0,906,1227,7,0
6,content\data\images\10H-20L\image_group_1_frame_276.0.jpg,1,230.0,276.0,693,907,2,6
7,content\data\images\10H-20L\image_group_1_frame_277.0.jpg,1,230.0,277.0,794,1165,5,3
8,content\data\images\10H-20L\image_group_1_frame_278.0.jpg,1,230.0,278.0,906,1189,8,2
0,content\data\images\10H-20L\image_group_2_frame_322.0.jpg,2,286.0,322.0,694,907,0,5
1,content\data\images\10H-20L\image_group_2_frame_323.0.jpg,2,286.0,323.0,702,1019,2,3
2,content\data\images\10H-20L\image_group_2_frame_324.0.jpg,2,286.0,324.0,906,1227,4,1
3,content\data\images\10H-20L\image_group_2_frame_327.0.jpg,2,286.0,327.0,694,907,1,4
4,content\data\images\10H-20L\image_group_2_frame_328.0.jpg,2,286.0,328.0,741,1109,3,2
5,content\data\images\10H-20L\image_group_2_frame_329.0.jpg,2,286.0,329.0,906,1227,5,0
0,content\data\images\10H-20L\image_group_3_frame_374.0.jpg,3,338.0,374.0,700,991,2,5
1,content\data\images\10H-20L\image_group_3_frame_375.0.jpg,3,338.0,375.0,906,1229,5,2
2,content\data\images\10H-20L\image_group_3_frame_378.0.jpg,3,338.0,378.0,690,907,0,7
3,content\data\images\10H-20L\image_group_3_frame_379.0.jpg,3,338.0,379.0,724,1091,3,4
4,content\data\images\10H-20L\image_group_3_frame_380.0.jpg,3,338.0,380.0,906,1229,6,1
5,content\data\images\10H-20L\image_group_3_frame_383.0.jpg,3,338.0,383.0,690,907,1,6
6,content\data\images\10H-20L\image_group_3_frame_384.0.jpg,3,338.0,384.0,791,1171,4,3
7,content\data\images\10H-20L\image_group_3_frame_385.0.jpg,3,338.0,385.0,906,1229,7,0
0,content\data\images\10H-20L\image_group_4_frame_562.0.jpg,4,392.0,562.0,690,907,0,7
1,content\data\images\10H-20L\image_group_4_frame_563.0.jpg,4,392.0,563.0,824,1223,5,2
2,content\data\images\10H-20L\image_group_4_frame_566.0.jpg,4,392.0,566.0,690,907,1,6
3,content\data\images\10H-20L\image_group_4_frame_567.0.jpg,4,392.0,567.0,817,1221,4,3
4,content\data\images\10H-20L\image_group_4_frame_568.0.jpg,4,392.0,568.0,906,1231,7,1
5,content\data\images\10H-20L\image_group_4_frame_570.0.jpg,4,392.0,570.0,690,907,2,5
6,content\data\images\10H-20L\image_group_4_frame_571.0.jpg,4,392.0,571.0,812,1219,3,4
7,content\data\images\10H-20L\image_group_4_frame_572.0.jpg,4,392.0,572.0,825,1231,6,0
0,content\data\images\10H-20L\image_group_5_frame_617.0.jpg,5,582.0,617.0,692,907,0,5
1,content\data\images\10H-20L\image_group_5_frame_618.0.jpg,5,582.0,618.0,832,1221,3,2
2,content\data\images\10H-20L\image_group_5_frame_621.0.jpg,5,582.0,621.0,692,907,1,4
3,content\data\images\10H-20L\image_group_5_frame_622.0.jpg,5,582.0,622.0,839,1223,4,1
4,content\data\images\10H-20L\image_group_5_frame_625.0.jpg,5,582.0,625.0,692,907,2,3
5,content\data\images\10H-20L\image_group_5_frame_626.0.jpg,5,582.0,626.0,846,1225,5,0
0,content\data\images\10H-20L\image_group_6_frame_672.0.jpg,6,634.0,672.0,693,1007,0,5
1,content\data\images\10H-20L\image_group_6_frame_673.0.jpg,6,634.0,673.0,906,1229,3,2
2,content\data\images\10H-20L\image_group_6_frame_676.0.jpg,6,634.0,676.0,693,1021,1,4
3,content\data\images\10H-20L\image_group_6_frame_677.0.jpg,6,634.0,677.0,906,1229,4,1
4,content\data\images\10H-20L\image_group_6_frame_680.0.jpg,6,634.0,680.0,693,1083,2,3
5,content\data\images\10H-20L\image_group_6_frame_681.0.jpg,6,634.0,681.0,906,1229,5,0
0,content\data\images\10H-20L\image_group_7_frame_726.0.jpg,7,688.0,726.0,688,907,0,8
1,content\data\images\10H-20L\image_group_7_frame_727.0.jpg,7,688.0,727.0,758,1193,3,5
2,content\data\images\10H-20L\image_group_7_frame_728.0.jpg,7,688.0,728.0,906,1231,6,1
3,content\data\images\10H-20L\image_group_7_frame_730.0.jpg,7,688.0,730.0,688,907,1,7
4,content\data\images\10H-20L\image_group_7_frame_731.0.jpg,7,688.0,731.0,768,1199,4,4
5,content\data\images\10H-20L\image_group_7_frame_732.0.jpg,7,688.0,732.0,906,1231,7,0
6,content\data\images\10H-20L\image_group_7_frame_734.0.jpg,7,688.0,734.0,688,907,2,6
7,content\data\images\10H-20L\image_group_7_frame_735.0.jpg,7,688.0,735.0,778,1205,5,3
8,content\data\images\10H-20L\image_group_7_frame_736.0.jpg,7,688.0,736.0,906,1230,8,2
0,content\data\images\10H-20L\image_group_8_frame_878.0.jpg,8,742.0,878.0,688,1013,0,4
1,content\data\images\10H-20L\image_group_8_frame_879.0.jpg,8,742.0,879.0,906,1233,5,1
2,content\data\images\10H-20L\image_group_8_frame_881.0.jpg,8,742.0,881.0,688,907,1,6
3,content\data\images\10H-20L\image_group_8_frame_882.0.jpg,8,742.0,882.0,775,1229,4,2
4,content\data\images\10H-20L\image_group_8_frame_885.0.jpg,8,742.0,885.0,688,1089,2,3
5,content\data\images\10H-20L\image_group_8_frame_886.0.jpg,8,742.0,886.0,906,1233,6,0
6,content\data\images\10H-20L\image_group_8_frame_888.0.jpg,8,742.0,888.0,689,907,3,5
0,content\data\images\10H-20L\image_group_9_frame_932.0.jpg,9,895.0,932.0,691,1055,0,4
1,content\data\images\10H-20L\image_group_9_frame_933.0.jpg,9,895.0,933.0,906,1229,5,2
2,content\data\images\10H-20L\image_group_9_frame_935.0.jpg,9,895.0,935.0,691,907,1,6
3,content\data\images\10H-20L\image_group_9_frame_936.0.jpg,9,895.0,936.0,818,1229,4,1
4,content\data\images\10H-20L\image_group_9_frame_939.0.jpg,9,895.0,939.0,694,1135,3,3
5,content\data\images\10H-20L\image_group_9_frame_940.0.jpg,9,895.0,940.0,906,1229,6,0
6,content\data\images\10H-20L\image_group_9_frame_942.0.jpg,9,895.0,942.0,691,907,2,5
0,content\data\images\10H-20L\image_group_10_frame_985.0.jpg,10,949.0,985.0,692,907,0,7
1,content\data\images\10H-20L\image_group_10_frame_986.0.jpg,10,949.0,986.0,707,1175,4,3
2,content\data\images\10H-20L\image_group_10_frame_987.0.jpg,10,949.0,987.0,906,1229,6,1
3,content\data\images\10H-20L\image_group_10_frame_989.0.jpg,10,949.0,989.0,692,971,1,4
4,content\data\images\10H-20L\image_group_10_frame_990.0.jpg,10,949.0,990.0,906,1229,7,0
5,content\data\images\10H-20L\image_group_10_frame_992.0.jpg,10,949.0,992.0,692,907,2,6
6,content\data\images\10H-20L\image_group_10_frame_993.0.jpg,10,949.0,993.0,758,1219,5,2
7,content\data\images\10H-20L\image_group_10_frame_996.0.jpg,10,949.0,996.0,692,945,3,5
0,content\data\images\10H-20L\image_group_11_frame_1039.0.jpg,11,1002.0,1039.0,688,907,0,7
1,content\data\images\10H-20L\image_group_11_frame_1040.0.jpg,11,1002.0,1040.0,824,1231,5,2
2,content\data\images\10H-20L\image_group_11_frame_1043.0.jpg,11,1002.0,1043.0,694,1149,3,3
3,content\data\images\10H-20L\image_group_11_frame_1044.0.jpg,11,1002.0,1044.0,906,1231,6,1
4,content\data\images\10H-20L\image_group_11_frame_1046.0.jpg,11,1002.0,1046.0,688,939,1,5
5,content\data\images\10H-20L\image_group_11_frame_1047.0.jpg,11,1002.0,1047.0,906,1231,7,0
6,content\data\images\10H-20L\image_group_11_frame_1049.0.jpg,11,1002.0,1049.0,688,907,2,6
7,content\data\images\10H-20L\image_group_11_frame_1050.0.jpg,11,1002.0,1050.0,727,1119,4,4
0,content\data\images\10H-20L\image_group_12_frame_1251.0.jpg,12,1056.0,1251.0,906,1233,4,3
1,content\data\images\10H-20L\image_group_12_frame_1253.0.jpg,12,1056.0,1253.0,688,1115,0,5
2,content\data\images\10H-20L\image_group_12_frame_1254.0.jpg,12,1056.0,1254.0,906,1233,5,2
3,content\data\images\10H-20L\image_group_12_frame_1256.0.jpg,12,1056.0,1256.0,688,1109,1,6
4,content\data\images\10H-20L\image_group_12_frame_1257.0.jpg,12,1056.0,1257.0,906,1233,6,1
5,content\data\images\10H-20L\image_group_12_frame_1259.0.jpg,12,1056.0,1259.0,688,1103,2,7
6,content\data\images\10H-20L\image_group_12_frame_1260.0.jpg,12,1056.0,1260.0,906,1233,7,0
7,content\data\images\10H-20L\image_group_12_frame_1262.0.jpg,12,1056.0,1262.0,688,1097,3,8
8,content\data\images\10H-20L\image_group_12_frame_1263.0.jpg,12,1056.0,1263.0,906,1209,8,4
0,content\data\images\10H-20L\image_group_13_frame_1306.0.jpg,13,1269.0,1306.0,690,933,0,7
1,content\data\images\10H-20L\image_group_13_frame_1307.0.jpg,13,1269.0,1307.0,906,1231,4,3
2,content\data\images\10H-20L\image_group_13_frame_1309.0.jpg,13,1269.0,1309.0,690,933,1,6
3,content\data\images\10H-20L\image_group_13_frame_1310.0.jpg,13,1269.0,1310.0,906,1231,5,2
4,content\data\images\10H-20L\image_group_13_frame_1312.0.jpg,13,1269.0,1312.0,690,935,2,5
5,content\data\images\10H-20L\image_group_13_frame_1313.0.jpg,13,1269.0,1313.0,906,1231,6,1
6,content\data\images\10H-20L\image_group_13_frame_1315.0.jpg,13,1269.0,1315.0,690,939,3,4
7,content\data\images\10H-20L\image_group_13_frame_1316.0.jpg,13,1269.0,1316.0,906,1231,7,0
0,content\data\images\10H-20L\image_group_14_frame_1359.0.jpg,14,1324.0,1359.0,692,983,0,4
1,content\data\images\10H-20L\image_group_14_frame_1360.0.jpg,14,1324.0,1360.0,889,1229,4,3
2,content\data\images\10H-20L\image_group_14_frame_1362.0.jpg,14,1324.0,1362.0,692,927,1,7
3,content\data\images\10H-20L\image_group_14_frame_1363.0.jpg,14,1324.0,1363.0,899,1230,5,1
4,content\data\images\10H-20L\image_group_14_frame_1365.0.jpg,14,1324.0,1365.0,692,931,2,6
5,content\data\images\10H-20L\image_group_14_frame_1366.0.jpg,14,1324.0,1366.0,906,1230,6,0
6,content\data\images\10H-20L\image_group_14_frame_1368.0.jpg,14,1324.0,1368.0,692,937,3,5
7,content\data\images\10H-20L\image_group_14_frame_1369.0.jpg,14,1324.0,1369.0,906,1229,7,2
0,content\data\images\10H-20L\image_group_15_frame_1413.0.jpg,15,1377.0,1413.0,906,1231,4,3
1,content\data\images\10H-20L\image_group_15_frame_1415.0.jpg,15,1377.0,1415.0,688,943,0,8
2,content\data\images\10H-20L\image_group_15_frame_1416.0.jpg,15,1377.0,1416.0,906,1232,5,2
3,content\data\images\10H-20L\image_group_15_frame_1418.0.jpg,15,1377.0,1418.0,688,947,1,7
4,content\data\images\10H-20L\image_group_15_frame_1419.0.jpg,15,1377.0,1419.0,906,1232,6,1
5,content\data\images\10H-20L\image_group_15_frame_1421.0.jpg,15,1377.0,1421.0,688,957,2,6
6,content\data\images\10H-20L\image_group_15_frame_1422.0.jpg,15,1377.0,1422.0,906,1232,7,0
7,content\data\images\10H-20L\image_group_15_frame_1424.0.jpg,15,1377.0,1424.0,688,967,3,5
8,content\data\images\10H-20L\image_group_15_frame_1425.0.jpg,15,1377.0,1425.0,906,1167,8,4
0,content\data\images\10H-20L\image_group_16_frame_1614.0.jpg,16,1431.0,1614.0,688,1043,0,6
1,content\data\images\10H-20L\image_group_16_frame_1615.0.jpg,16,1431.0,1615.0,906,1235,6,3
2,content\data\images\10H-20L\image_group_16_frame_1617.0.jpg,16,1431.0,1617.0,688,1213,1,4
3,content\data\images\10H-20L\image_group_16_frame_1618.0.jpg,16,1431.0,1618.0,906,1235,7,2
4,content\data\images\10H-20L\image_group_16_frame_1619.0.jpg,16,1431.0,1619.0,688,907,2,8
5,content\data\images\10H-20L\image_group_16_frame_1620.0.jpg,16,1431.0,1620.0,788,1235,5,1
6,content\data\images\10H-20L\image_group_16_frame_1622.0.jpg,16,1431.0,1622.0,688,1023,3,7
7,content\data\images\10H-20L\image_group_16_frame_1623.0.jpg,16,1431.0,1623.0,906,1235,8,0
8,content\data\images\10H-20L\image_group_16_frame_1625.0.jpg,16,1431.0,1625.0,688,1187,4,5
0,content\data\images\10H-20L\image_group_17_frame_1667.0.jpg,17,1633.0,1667.0,906,1187,6,6
1,content\data\images\10H-20L\image_group_17_frame_1668.0.jpg,17,1633.0,1668.0,906,1233,7,1
2,content\data\images\10H-20L\image_group_17_frame_1669.0.jpg,17,1633.0,1669.0,690,907,0,9
3,content\data\images\10H-20L\image_group_17_frame_1670.0.jpg,17,1633.0,1670.0,756,1231,4,4
4,content\data\images\10H-20L\image_group_17_frame_1672.0.jpg,17,1633.0,1672.0,690,983,1,7
5,content\data\images\10H-20L\image_group_17_frame_1673.0.jpg,17,1633.0,1673.0,906,1231,8,3
6,content\data\images\10H-20L\image_group_17_frame_1675.0.jpg,17,1633.0,1675.0,690,1193,2,5
7,content\data\images\10H-20L\image_group_17_frame_1676.0.jpg,17,1633.0,1676.0,906,1233,9,0
8,content\data\images\10H-20L\image_group_17_frame_1677.0.jpg,17,1633.0,1677.0,690,907,3,8
9,content\data\images\10H-20L\image_group_17_frame_1678.0.jpg,17,1633.0,1678.0,763,1231,5,2
0,content\data\images\10H-20L\image_group_18_frame_1722.0.jpg,18,1685.0,1722.0,690,1063,0,6
1,content\data\images\10H-20L\image_group_18_frame_1723.0.jpg,18,1685.0,1723.0,906,1231,6,1
2,content\data\images\10H-20L\image_group_18_frame_1725.0.jpg,18,1685.0,1725.0,693,1221,3,3
3,content\data\images\10H-20L\image_group_18_frame_1727.0.jpg,18,1685.0,1727.0,691,907,1,7
4,content\data\images\10H-20L\image_group_18_frame_1728.0.jpg,18,1685.0,1728.0,824,1230,5,2
5,content\data\images\10H-20L\image_group_18_frame_1730.0.jpg,18,1685.0,1730.0,691,1073,2,5
6,content\data\images\10H-20L\image_group_18_frame_1731.0.jpg,18,1685.0,1731.0,906,1231,7,0
7,content\data\images\10H-20L\image_group_18_frame_1733.0.jpg,18,1685.0,1733.0,696,1213,4,4
0,content\data\images\10H-20L\image_group_19_frame_1777.0.jpg,19,1740.0,1777.0,688,942,0,6
1,content\data\images\10H-20L\image_group_19_frame_1778.0.jpg,19,1740.0,1778.0,906,1233,5,3
2,content\data\images\10H-20L\image_group_19_frame_1780.0.jpg,19,1740.0,1780.0,688,1171,1,4
3,content\data\images\10H-20L\image_group_19_frame_1781.0.jpg,19,1740.0,1781.0,906,1233,6,2
4,content\data\images\10H-20L\image_group_19_frame_1782.0.jpg,19,1740.0,1782.0,688,907,2,7
5,content\data\images\10H-20L\image_group_19_frame_1783.0.jpg,19,1740.0,1783.0,738,1233,4,1
6,content\data\images\10H-20L\image_group_19_frame_1785.0.jpg,19,1740.0,1785.0,688,965,3,5
7,content\data\images\10H-20L\image_group_19_frame_1786.0.jpg,19,1740.0,1786.0,906,1233,7,0
0,content\data\images\10H-20L\image_group_20_frame_1976.0.jpg,20,1793.0,1976.0,906,1235,7,3
1,content\data\images\10H-20L\image_group_20_frame_1978.0.jpg,20,1793.0,1978.0,688,1181,0,5
2,content\data\images\10H-20L\image_group_20_frame_1979.0.jpg,20,1793.0,1979.0,906,1235,8,2
3,content\data\images\10H-20L\image_group_20_frame_1980.0.jpg,20,1793.0,1980.0,688,913,1,8
4,content\data\images\10H-20L\image_group_20_frame_1981.0.jpg,20,1793.0,1981.0,868,1235,6,1
5,content\data\images\10H-20L\image_group_20_frame_1983.0.jpg,20,1793.0,1983.0,688,1233,2,4
6,content\data\images\10H-20L\image_group_20_frame_1985.0.jpg,20,1793.0,1985.0,688,1021,3,7
7,content\data\images\10H-20L\image_group_20_frame_1986.0.jpg,20,1793.0,1986.0,906,1235,9,0
8,content\data\images\10H-20L\image_group_20_frame_1987.0.jpg,20,1793.0,1987.0,688,907,4,9
9,content\data\images\10H-20L\image_group_20_frame_1988.0.jpg,20,1793.0,1988.0,724,1077,5,6
0,content\data\images\10H-20L\image_group_21_frame_2030.0.jpg,21,1995.0,2030.0,690,937,0,7
1,content\data\images\10H-20L\image_group_21_frame_2031.0.jpg,21,1995.0,2031.0,906,1233,6,4
2,content\data\images\10H-20L\image_group_21_frame_2033.0.jpg,21,1995.0,2033.0,697,1233,4,3
3,content\data\images\10H-20L\image_group_21_frame_2035.0.jpg,21,1995.0,2035.0,690,1090,1,6
4,content\data\images\10H-20L\image_group_21_frame_2036.0.jpg,21,1995.0,2036.0,906,1233,7,2
5,content\data\images\10H-20L\image_group_21_frame_2037.0.jpg,21,1995.0,2037.0,690,907,2,8
6,content\data\images\10H-20L\image_group_21_frame_2038.0.jpg,21,1995.0,2038.0,775,1233,5,1
7,content\data\images\10H-20L\image_group_21_frame_2040.0.jpg,21,1995.0,2040.0,690,1203,3,5
8,content\data\images\10H-20L\image_group_21_frame_2041.0.jpg,21,1995.0,2041.0,906,1233,8,0
0,content\data\images\10H-20L\image_group_22_frame_2085.0.jpg,22,2049.0,2085.0,690,1227,0,4
1,content\data\images\10H-20L\image_group_22_frame_2087.0.jpg,22,2049.0,2087.0,690,1027,1,6
2,content\data\images\10H-20L\image_group_22_frame_2088.0.jpg,22,2049.0,2088.0,906,1231,7,3
3,content\data\images\10H-20L\image_group_22_frame_2089.0.jpg,22,2049.0,2089.0,690,907,2,8
4,content\data\images\10H-20L\image_group_22_frame_2090.0.jpg,22,2049.0,2090.0,736,1231,5,2
5,content\data\images\10H-20L\image_group_22_frame_2092.0.jpg,22,2049.0,2092.0,690,1173,3,5
6,content\data\images\10H-20L\image_group_22_frame_2093.0.jpg,22,2049.0,2093.0,906,1231,8,1
7,content\data\images\10H-20L\image_group_22_frame_2094.0.jpg,22,2049.0,2094.0,690,914,4,7
8,content\data\images\10H-20L\image_group_22_frame_2095.0.jpg,22,2049.0,2095.0,873,1231,6,0
0,content\data\images\10H-20L\image_group_23_frame_2139.0.jpg,23,2102.0,2139.0,686,991,0,6
1,content\data\images\10H-20L\image_group_23_frame_2140.0.jpg,23,2102.0,2140.0,906,1233,7,3
2,content\data\images\10H-20L\image_group_23_frame_2141.0.jpg,23,2102.0,2141.0,686,907,1,8
3,content\data\images\10H-20L\image_group_23_frame_2142.0.jpg,23,2102.0,2142.0,716,1233,5,2
4,content\data\images\10H-20L\image_group_23_frame_2144.0.jpg,23,2102.0,2144.0,686,1155,2,5
5,content\data\images\10H-20L\image_group_23_frame_2145.0.jpg,23,2102.0,2145.0,906,1233,8,1
6,content\data\images\10H-20L\image_group_23_frame_2146.0.jpg,23,2102.0,2146.0,686,907,3,7
7,content\data\images\10H-20L\image_group_23_frame_2147.0.jpg,23,2102.0,2147.0,842,1233,6,0
8,content\data\images\10H-20L\image_group_23_frame_2149.0.jpg,23,2102.0,2149.0,686,1230,4,4
0,content\data\images\10H-20L\image_group_24_frame_2447.0.jpg,24,2156.0,2447.0,906,1225,7,5
1,content\data\images\10H-20L\image_group_24_frame_2449.0.jpg,24,2156.0,2449.0,686,1137,0,6
2,content\data\images\10H-20L\image_group_24_frame_2450.0.jpg,24,2156.0,2450.0,906,1235,8,4
3,content\data\images\10H-20L\image_group_24_frame_2451.0.jpg,24,2156.0,2451.0,686,977,1,7
4,content\data\images\10H-20L\image_group_24_frame_2452.0.jpg,24,2156.0,2452.0,906,1235,9,3
5,content\data\images\10H-20L\image_group_24_frame_2453.0.jpg,24,2156.0,2453.0,686,907,2,9
6,content\data\images\10H-20L\image_group_24_frame_2454.0.jpg,24,2156.0,2454.0,809,1235,6,2
7,content\data\images\10H-20L\image_group_24_frame_2455.0.jpg,24,2156.0,2455.0,686,907,3,8
8,content\data\images\10H-20L\image_group_24_frame_2456.0.jpg,24,2156.0,2456.0,706,1235,5,1
9,content\data\images\10H-20L\image_group_24_frame_2458.0.jpg,24,2156.0,2458.0,686,1235,4,0
0,content\data\images\10H-20L\image_group_25_frame_2501.0.jpg,25,2466.0,2501.0,906,1215,6,6
1,content\data\images\10H-20L\image_group_25_frame_2502.0.jpg,25,2466.0,2502.0,906,1233,7,5
2,content\data\images\10H-20L\image_group_25_frame_2503.0.jpg,25,2466.0,2503.0,689,1119,0,7
3,content\data\images\10H-20L\image_group_25_frame_2504.0.jpg,25,2466.0,2504.0,906,1233,8,4
4,content\data\images\10H-20L\image_group_25_frame_2505.0.jpg,25,2466.0,2505.0,689,959,1,8
5,content\data\images\10H-20L\image_group_25_frame_2506.0.jpg,25,2466.0,2506.0,906,1233,9,3
6,content\data\images\10H-20L\image_group_25_frame_2507.0.jpg,25,2466.0,2507.0,689,907,2,9
7,content\data\images\10H-20L\image_group_25_frame_2508.0.jpg,25,2466.0,2508.0,801,1233,5,2
8,content\data\images\10H-20L\image_group_25_frame_2510.0.jpg,25,2466.0,2510.0,706,1233,4,1
9,content\data\images\10H-20L\image_group_25_frame_2512.0.jpg,25,2466.0,2512.0,689,1233,3,0
0,content\data\images\10H-20L\image_group_26_frame_2555.0.jpg,26,2520.0,2555.0,906,1229,7,5
1,content\data\images\10H-20L\image_group_26_frame_2557.0.jpg,26,2520.0,2557.0,690,1169,0,6
2,content\data\images\10H-20L\image_group_26_frame_2558.0.jpg,26,2520.0,2558.0,906,1233,8,2
3,content\data\images\10H-20L\image_group_26_frame_2559.0.jpg,26,2520.0,2559.0,690,1033,1,7
4,content\data\images\10H-20L\image_group_26_frame_2560.0.jpg,26,2520.0,2560.0,906,1233,9,1
5,content\data\images\10H-20L\image_group_26_frame_2561.0.jpg,26,2520.0,2561.0,690,909,2,8
6,content\data\images\10H-20L\image_group_26_frame_2562.0.jpg,26,2520.0,2562.0,867,1233,6,0
7,content\data\images\10H-20L\image_group_26_frame_2563.0.jpg,26,2520.0,2563.0,690,907,3,9
8,content\data\images\10H-20L\image_group_26_frame_2564.0.jpg,26,2520.0,2564.0,740,1232,5,4
9,content\data\images\10H-20L\image_group_26_frame_2566.0.jpg,26,2520.0,2566.0,691,1232,4,3
0,content\data\images\10H-20L\image_group_27_frame_2609.0.jpg,27,2574.0,2609.0,906,1233,7,5
1,content\data\images\10H-20L\image_group_27_frame_2611.0.jpg,27,2574.0,2611.0,686,1221,0,6
2,content\data\images\10H-20L\image_group_27_frame_2612.0.jpg,27,2574.0,2612.0,906,1233,8,4
3,content\data\images\10H-20L\image_group_27_frame_2613.0.jpg,27,2574.0,2613.0,686,1135,1,7
4,content\data\images\10H-20L\image_group_27_frame_2614.0.jpg,27,2574.0,2614.0,906,1233,9,3
5,content\data\images\10H-20L\image_group_27_frame_2615.0.jpg,27,2574.0,2615.0,686,981,2,8
6,content\data\images\10H-20L\image_group_27_frame_2616.0.jpg,27,2574.0,2616.0,906,1233,10,2
7,content\data\images\10H-20L\image_group_27_frame_2617.0.jpg,27,2574.0,2617.0,686,907,3,10
8,content\data\images\10H-20L\image_group_27_frame_2618.0.jpg,27,2574.0,2618.0,820,1233,6,1
9,content\data\images\10H-20L\image_group_27_frame_2619.0.jpg,27,2574.0,2619.0,686,907,4,9
10,content\data\images\10H-20L\image_group_27_frame_2620.0.jpg,27,2574.0,2620.0,714,1233,5,0
0,content\data\images\10H-20L\image_group_28_frame_2943.0.jpg,28,2628.0,2943.0,686,907,0,11
1,content\data\images\10H-20L\image_group_28_frame_2944.0.jpg,28,2628.0,2944.0,837,1235,11,5
2,content\data\images\10H-20L\image_group_28_frame_2945.0.jpg,28,2628.0,2945.0,686,907,1,10
3,content\data\images\10H-20L\image_group_28_frame_2946.0.jpg,28,2628.0,2946.0,829,1236,10,0
4,content\data\images\10H-20L\image_group_28_frame_2947.0.jpg,28,2628.0,2947.0,686,907,2,9
5,content\data\images\10H-20L\image_group_28_frame_2948.0.jpg,28,2628.0,2948.0,822,1235,9,4
6,content\data\images\10H-20L\image_group_28_frame_2949.0.jpg,28,2628.0,2949.0,686,907,3,8
7,content\data\images\10H-20L\image_group_28_frame_2950.0.jpg,28,2628.0,2950.0,813,1235,8,3
8,content\data\images\10H-20L\image_group_28_frame_2951.0.jpg,28,2628.0,2951.0,686,907,4,7
9,content\data\images\10H-20L\image_group_28_frame_2952.0.jpg,28,2628.0,2952.0,805,1235,7,2
10,content\data\images\10H-20L\image_group_28_frame_2953.0.jpg,28,2628.0,2953.0,686,907,5,6
11,content\data\images\10H-20L\image_group_28_frame_2954.0.jpg,28,2628.0,2954.0,798,1235,6,1
0,content\data\images\10H-20L\image_group_29_frame_2997.0.jpg,29,2961.0,2997.0,688,1151,0,6
1,content\data\images\10H-20L\image_group_29_frame_2998.0.jpg,29,2961.0,2998.0,906,1233,6,5
2,content\data\images\10H-20L\image_group_29_frame_2999.0.jpg,29,2961.0,2999.0,688,1149,1,7
3,content\data\images\10H-20L\image_group_29_frame_3000.0.jpg,29,2961.0,3000.0,906,1233,7,4
4,content\data\images\10H-20L\image_group_29_frame_3001.0.jpg,29,2961.0,3001.0,688,1147,2,8
5,content\data\images\10H-20L\image_group_29_frame_3002.0.jpg,29,2961.0,3002.0,906,1233,8,3
6,content\data\images\10H-20L\image_group_29_frame_3003.0.jpg,29,2961.0,3003.0,688,1145,3,9
7,content\data\images\10H-20L\image_group_29_frame_3004.0.jpg,29,2961.0,3004.0,906,1233,9,2
8,content\data\images\10H-20L\image_group_29_frame_3005.0.jpg,29,2961.0,3005.0,688,1143,4,10
9,content\data\images\10H-20L\image_group_29_frame_3006.0.jpg,29,2961.0,3006.0,906,1233,10,1
10,content\data\images\10H-20L\image_group_29_frame_3007.0.jpg,29,2961.0,3007.0,688,1141,5,11
11,content\data\images\10H-20L\image_group_29_frame_3008.0.jpg,29,2961.0,3008.0,906,1233,11,0
0,content\data\images\10H-20L\image_group_30_frame_3051.0.jpg,30,3015.0,3051.0,786,1233,6,5
1,content\data\images\10H-20L\image_group_30_frame_3053.0.jpg,30,3015.0,3053.0,693,1233,5,4
2,content\data\images\10H-20L\image_group_30_frame_3055.0.jpg,30,3015.0,3055.0,692,1233,0,3
3,content\data\images\10H-20L\image_group_30_frame_3057.0.jpg,30,3015.0,3057.0,692,1233,1,2
4,content\data\images\10H-20L\image_group_30_frame_3059.0.jpg,30,3015.0,3059.0,692,1233,2,1
5,content\data\images\10H-20L\image_group_30_frame_3061.0.jpg,30,3015.0,3061.0,692,1233,3,0
6,content\data\images\10H-20L\image_group_30_frame_3063.0.jpg,30,3015.0,3063.0,692,907,4,6
0,content\data\images\10H-20L\image_group_31_frame_3105.0.jpg,31,3069.0,3105.0,906,1233,6,5
1,content\data\images\10H-20L\image_group_31_frame_3106.0.jpg,31,3069.0,3106.0,686,1047,0,12
2,content\data\images\10H-20L\image_group_31_frame_3107.0.jpg,31,3069.0,3107.0,906,1235,7,4
3,content\data\images\10H-20L\image_group_31_frame_3108.0.jpg,31,3069.0,3108.0,686,1049,1,11
4,content\data\images\10H-20L\image_group_31_frame_3109.0.jpg,31,3069.0,3109.0,906,1235,8,3
5,content\data\images\10H-20L\image_group_31_frame_3110.0.jpg,31,3069.0,3110.0,686,1051,2,10
6,content\data\images\10H-20L\image_group_31_frame_3111.0.jpg,31,3069.0,3111.0,906,1235,9,2
7,content\data\images\10H-20L\image_group_31_frame_3112.0.jpg,31,3069.0,3112.0,686,1053,3,9
8,content\data\images\10H-20L\image_group_31_frame_3113.0.jpg,31,3069.0,3113.0,906,1235,10,1
9,content\data\images\10H-20L\image_group_31_frame_3114.0.jpg,31,3069.0,3114.0,686,1055,4,8
10,content\data\images\10H-20L\image_group_31_frame_3115.0.jpg,31,3069.0,3115.0,906,1235,11,0
11,content\data\images\10H-20L\image_group_31_frame_3116.0.jpg,31,3069.0,3116.0,686,1057,5,7
12,content\data\images\10H-20L\image_group_31_frame_3117.0.jpg,31,3069.0,3117.0,906,1229,12,6
